DscConjuntoUnidadeConsumidora,DscTipoInterrupcao,IdeMotivoInterrupcao,DatInicioInterrupcao,DatFimInterrupcao,DscFatoGeradorInterrupcao,NumAno
BANDEIRANTES_RETICULADO,NAPSo Programada,0,2018-02-09 08:18:54,2018-02-09 11:44:35,Interna - Nao Programada - Proprias do sistema - Falha de material ou equipamento,2018
BANDEIRANTES_RETICULADO,NAPSo Programada,0,2018-04-03 10:11:29,2018-04-03 18:10:03,Interna - Nao Programada - Proprias do sistema - Falha de material ou equipamento,2018
BANDEIRANTES_RETICULADO,NAPSo Programada,0,2018-09-29 09:42:33,2018-09-29 10:52:37,Interna - Nao Programada - Proprias do sistema - Falha de material ou equipamento,2018
BANDEIRANTES_RETICULADO,NAPSo Programada,0,2018-11-25 17:46:43,2018-11-25 17:52:16,Interna - Nao Programada - Meio ambiente - Vento,2018
BANDEIRANTES_RETICULADO,NAPSo Programada,0,2018-06-08 12:14:25,2018-06-08 14:31:29,Interna - Nao Programada - Proprias do sistema - Falha de material ou equipamento,2018
BANDEIRANTES_RETICULADO,NAPSo Programada,0,2018-02-22 23:54:45,2018-02-23 02:30:09,Interna - Nao Programada - Proprias do sistema - Falha de material ou equipamento,2018
BANDEIRANTES_RETICULADO,NAPSo Programada,6,2018-03-06 13:27:30,2018-03-06 20:45:17,Interna - Nao Programada - Meio ambiente - Arvore ou Vegetacao,2018
BANDEIRANTES_RETICULADO,NAPSo Programada,0,2018-07-06 02:05:00,2018-07-06 02:58:26,Interna - Nao Programada - Proprias do sistema - Falha de material ou equipamento,2018
BANDEIRANTES_RETICULADO,NAPSo Programada,0,2018-07-05 23:12:58,2018-07-06 02:17:22,Interna - Nao Programada - Proprias do sistema - Falha de material ou equipamento,2018
BANDEIRANTES_RETICULADO,NAPSo Programada,0,2018-10-10 02:54:32,2018-10-10 04:57:56,Interna - Nao Programada - Proprias do sistema - Falha de material ou equipamento,2018
BANDEIRANTES_RETICULADO,NAPSo Programada,0,2018-10-10 01:51:47,2018-10-10 03:55:38,Interna - Nao Programada - Proprias do sistema - Falha de material ou equipamento,2018
BANDEIRANTES_RETICULADO,NAPSo Programada,0,2018-03-20 08:23:00,2018-03-20 10:31:23,Interna - Nao Programada - Falha operacional - Erro de operacao,2018
BANDEIRANTES_RETICULADO,NAPSo Programada,0,2018-01-08 07:23:52,2018-01-08 12:40:31,Interna - Nao Programada - Proprias do sistema - Falha de material ou equipamento,2018
BANDEIRANTES_RETICULADO,NAPSo Programada,0,2018-10-23 09:11:41,2018-10-23 20:05:47,Interna - Nao Programada - Falha operacional - Erro de operacao,2018
BANDEIRANTES_RETICULADO,NAPSo Programada,0,2018-11-14 06:48:24,2018-11-14 13:36:08,Interna - Nao Programada - Proprias do sistema - Falha de material ou equipamento,2018
BANDEIRANTES_RETICULADO,NAPSo Programada,6,2018-03-19 18:37:53,2018-03-20 06:26:02,Interna - Nao Programada - Proprias do sistema - Falha de material ou equipamento,2018
BANDEIRANTES_RETICULADO,NAPSo Programada,6,2018-03-06 20:01:57,2018-03-06 20:45:17,Interna - Nao Programada - Meio ambiente - Arvore ou Vegetacao,2018
BANDEIRANTES_RETICULADO,NAPSo Programada,6,2018-03-06 22:20:48,2018-03-07 00:00:23,Interna - Nao Programada - Proprias do sistema - Falha de material ou equipamento,2018
BANDEIRANTES_RETICULADO,NAPSo Programada,0,2018-10-22 06:49:43,2018-10-22 12:31:19,Interna - Nao Programada - Terceiros - Interferencia de terceiros,2018
BANDEIRANTES_RETICULADO,NAPSo Programada,0,2018-10-27 11:04:43,2018-10-28 08:10:46,Interna - Nao Programada - Proprias do sistema - Falha de material ou equipamento,2018
BANDEIRANTES_RETICULADO,NAPSo Programada,0,2018-08-08 11:40:16,2018-08-08 15:40:11,Interna - Nao Programada - Proprias do sistema - Falha de material ou equipamento,2018
BANDEIRANTES_RETICULADO,NAPSo Programada,0,2018-05-11 07:46:00,2018-05-11 08:37:20,Interna - Nao Programada - Proprias do sistema - Falha de material ou equipamento,2018
BANDEIRANTES_RETICULADO,NAPSo Programada,0,2018-10-02 10:00:47,2018-10-02 12:47:19,Interna - Nao Programada - Proprias do sistema - Falha de material ou equipamento,2018
BANDEIRANTES_RETICULADO,NAPSo Programada,6,2018-01-11 14:46:59,2018-01-11 16:52:50,Interna - Nao Programada - Proprias do sistema - Falha de material ou equipamento,2018
BANDEIRANTES_RETICULADO,NAPSo Programada,6,2018-01-11 14:22:36,2018-01-11 16:05:37,Interna - Nao Programada - Proprias do sistema - Falha de material ou equipamento,2018
BANDEIRANTES_RETICULADO,NAPSo Programada,6,2018-01-11 12:52:53,2018-01-11 16:04:04,Interna - Nao Programada - Falha operacional - Servico mal executado,2018
BANDEIRANTES_RETICULADO,NAPSo Programada,0,2018-04-06 16:15:18,2018-04-07 00:14:35,Interna - Nao Programada - Proprias do sistema - Falha de material ou equipamento,2018
BANDEIRANTES_RETICULADO,NAPSo Programada,0,2018-09-20 00:53:39,2018-09-20 04:32:26,Interna - Nao Programada - Proprias do sistema - Falha de material ou equipamento,2018
BANDEIRANTES_RETICULADO,NAPSo Programada,0,2018-01-09 15:23:27,2018-01-09 17:58:51,Interna - Nao Programada - Proprias do sistema - Falha de material ou equipamento,2018
BANDEIRANTES_RETICULADO,NAPSo Programada,0,2018-02-24 15:00:00,2018-02-24 17:13:23,Interna - Nao Programada - Proprias do sistema - Falha de material ou equipamento,2018
BANDEIRANTES_RETICULADO,NAPSo Programada,0,2018-02-24 15:00:00,2018-02-24 17:08:45,Interna - Nao Programada - Proprias do sistema - Falha de material ou equipamento,2018
BANDEIRANTES_RETICULADO,NAPSo Programada,0,2018-10-26 12:25:26,2018-10-26 15:59:20,Interna - Nao Programada - Proprias do sistema - Falha de material ou equipamento,2018
BANDEIRANTES_RETICULADO,NAPSo Programada,0,2018-09-03 22:40:09,2018-09-04 00:15:43,Interna - Nao Programada - Proprias do sistema - Falha de material ou equipamento,2018
BANDEIRANTES_RETICULADO,NAPSo Programada,0,2018-10-25 19:14:00,2018-10-25 20:02:35,Interna - Nao Programada - Proprias do sistema - Falha de material ou equipamento,2018
BANDEIRANTES_RETICULADO,NAPSo Programada,0,2018-01-30 07:27:02,2018-01-30 13:00:27,Interna - Nao Programada - Falha operacional - Servico mal executado,2018
BANDEIRANTES_RETICULADO,Programada,0,2018-01-29 23:00:51,2018-01-30 03:30:10,Interna - Programada - Alteracao - Para melhoria,2018
BANDEIRANTES_RETICULADO,Programada,0,2018-01-29 23:00:06,2018-01-30 02:30:39,Interna - Programada - Alteracao - Para melhoria,2018
BANDEIRANTES_RETICULADO,NAPSo Programada,0,2018-09-04 19:39:55,2018-09-04 21:27:19,Interna - Nao Programada - Proprias do sistema - Falha de material ou equipamento,2018
BANDEIRANTES_RETICULADO,NAPSo Programada,0,2018-01-10 09:14:00,2018-01-10 11:18:27,Interna - Nao Programada - Proprias do sistema - Falha de material ou equipamento,2018
BANDEIRANTES_RETICULADO,NAPSo Programada,0,2018-11-18 08:36:15,2018-11-18 13:15:57,Interna - Nao Programada - Terceiros - Interferencia de terceiros,2018
BANDEIRANTES_RETICULADO,Programada,0,2018-01-30 09:20:59,2018-01-30 12:25:24,Interna - Programada - Alteracao - Para melhoria,2018
BANDEIRANTES_RETICULADO,NAPSo Programada,6,2018-01-03 01:18:24,2018-01-03 02:06:57,Interna - Nao Programada - Proprias do sistema - Falha de material ou equipamento,2018
BANDEIRANTES_RETICULADO,NAPSo Programada,6,2018-01-03 06:51:51,2018-01-03 09:59:13,Interna - Nao Programada - Proprias do sistema - Falha de material ou equipamento,2018
BANDEIRANTES_RETICULADO,NAPSo Programada,0,2018-06-09 22:30:37,2018-06-09 22:49:27,Interna - Nao Programada - Proprias do sistema - Falha de material ou equipamento,2018
BANDEIRANTES_RETICULADO,NAPSo Programada,6,2018-01-03 07:47:36,2018-01-03 10:34:18,Interna - Nao Programada - Proprias do sistema - Falha de material ou equipamento,2018
BANDEIRANTES_RETICULADO,NAPSo Programada,6,2018-01-03 15:19:20,2018-01-03 20:24:32,Interna - Nao Programada - Proprias do sistema - Falha de material ou equipamento,2018
BANDEIRANTES_RETICULADO,NAPSo Programada,0,2018-05-29 16:35:40,2018-05-29 22:45:00,Interna - Nao Programada - Meio ambiente - Arvore ou Vegetacao,2018
BANDEIRANTES_RETICULADO,NAPSo Programada,6,2018-01-03 10:34:14,2018-01-03 12:32:09,Interna - Nao Programada - Proprias do sistema - Falha de material ou equipamento,2018
BANDEIRANTES_RETICULADO,NAPSo Programada,0,2018-06-15 10:24:51,2018-06-15 12:27:33,Interna - Nao Programada - Proprias do sistema - Falha de material ou equipamento,2018
BANDEIRANTES_RETICULADO,NAPSo Programada,0,2018-01-23 16:53:20,2018-01-23 18:20:42,Interna - Nao Programada - Proprias do sistema - Sobrecarga,2018
BANDEIRANTES_RETICULADO,NAPSo Programada,0,2018-07-29 00:17:13,2018-07-29 01:05:18,Interna - Nao Programada - Proprias do sistema - Falha de material ou equipamento,2018
BANDEIRANTES_RETICULADO,NAPSo Programada,0,2018-10-29 15:00:49,2018-10-29 18:05:37,Interna - Nao Programada - Proprias do sistema - Falha de material ou equipamento,2018
BANDEIRANTES_RETICULADO,NAPSo Programada,0,2018-07-28 09:19:01,2018-07-28 17:31:35,Interna - Nao Programada - Proprias do sistema - Falha de material ou equipamento,2018
BANDEIRANTES_RETICULADO,NAPSo Programada,0,2018-03-13 07:14:28,2018-03-13 12:20:57,Interna - Nao Programada - Proprias do sistema - Falha de material ou equipamento,2018
BANDEIRANTES_RETICULADO,NAPSo Programada,0,2018-01-12 21:43:28,2018-01-12 22:35:35,Interna - Nao Programada - Proprias do sistema - Nao identificada,2018
BANDEIRANTES_RETICULADO,NAPSo Programada,0,2018-10-03 17:00:29,2018-10-04 15:05:00,Interna - Nao Programada - Proprias do sistema - Falha de material ou equipamento,2018
BANDEIRANTES_RETICULADO,NAPSo Programada,0,2018-01-05 16:25:21,2018-01-05 18:45:21,Interna - Nao Programada - Proprias do sistema - Falha de material ou equipamento,2018
BANDEIRANTES_RETICULADO,NAPSo Programada,0,2018-11-02 12:02:32,2018-11-02 18:59:44,Interna - Nao Programada - Proprias do sistema - Nao identificada,2018
BANDEIRANTES_RETICULADO,NAPSo Programada,0,2018-09-25 16:08:08,2018-09-26 08:15:30,Interna - Nao Programada - Proprias do sistema - Falha de material ou equipamento,2018
BANDEIRANTES_RETICULADO,Programada,0,2018-10-19 01:05:00,2018-10-19 03:05:46,Interna - Programada - Alteracao - Para melhoria,2018
BANDEIRANTES_RETICULADO,NAPSo Programada,0,2018-11-02 05:16:00,2018-11-02 06:14:01,Interna - Nao Programada - Proprias do sistema - Falha de material ou equipamento,2018
BANDEIRANTES_RETICULADO,NAPSo Programada,0,2018-11-02 05:16:33,2018-11-02 06:14:48,Interna - Nao Programada - Proprias do sistema - Nao identificada,2018
BANDEIRANTES_RETICULADO,Programada,0,2018-11-02 10:51:05,2018-11-02 11:10:20,Interna - Programada - Alteracao - Para melhoria,2018
BANDEIRANTES_RETICULADO,NAPSo Programada,0,2018-06-04 11:42:54,2018-06-04 18:47:39,Interna - Nao Programada - Proprias do sistema - Falha de material ou equipamento,2018
BANDEIRANTES_RETICULADO,NAPSo Programada,0,2018-08-15 18:00:57,2018-08-16 08:12:50,Interna - Nao Programada - Falha operacional - Servico mal executado,2018
BANDEIRANTES_RETICULADO,NAPSo Programada,0,2018-11-03 14:25:00,2018-11-03 15:18:46,Interna - Nao Programada - Proprias do sistema - Falha de material ou equipamento,2018
BANDEIRANTES_RETICULADO,NAPSo Programada,0,2018-07-04 22:41:19,2018-07-04 23:11:48,Interna - Nao Programada - Proprias do sistema - Falha de material ou equipamento,2018
BANDEIRANTES_RETICULADO,NAPSo Programada,0,2018-04-12 18:49:35,2018-04-12 23:42:20,Interna - Nao Programada - Proprias do sistema - Sobrecarga,2018
BANDEIRANTES_RETICULADO,NAPSo Programada,6,2018-02-19 01:25:14,2018-02-19 03:20:00,Interna - Nao Programada - Proprias do sistema - Falha de material ou equipamento,2018
BANDEIRANTES_RETICULADO,NAPSo Programada,6,2018-02-19 02:02:07,2018-02-19 03:45:00,Interna - Nao Programada - Proprias do sistema - Falha de material ou equipamento,2018
BANDEIRANTES_RETICULADO,NAPSo Programada,0,2018-02-04 22:48:27,2018-02-05 01:32:39,Interna - Nao Programada - Proprias do sistema - Falha de material ou equipamento,2018
BANDEIRANTES_RETICULADO,NAPSo Programada,0,2018-12-05 00:49:42,2018-12-05 02:37:04,Interna - Nao Programada - Terceiros - Interferencia de terceiros,2018
BANDEIRANTES_RETICULADO,NAPSo Programada,0,2018-12-19 15:42:59,2018-12-19 18:56:51,Interna - Nao Programada - Proprias do sistema - Falha de material ou equipamento,2018
BANDEIRANTES_RETICULADO,NAPSo Programada,6,2018-12-12 08:24:31,2018-12-12 10:30:56,Interna - Nao Programada - Proprias do sistema - Falha de material ou equipamento,2018
BANDEIRANTES_RETICULADO,NAPSo Programada,0,2018-11-30 14:53:27,2018-12-01 12:42:01,Interna - Nao Programada - Proprias do sistema - Falha de material ou equipamento,2018
BANDEIRANTES_RETICULADO,NAPSo Programada,6,2018-12-12 14:41:23,2018-12-12 15:48:00,Interna - Nao Programada - Proprias do sistema - Falha de material ou equipamento,2018
BANDEIRANTES_RETICULADO,NAPSo Programada,6,2018-12-12 14:05:34,2018-12-13 02:43:35,Interna - Nao Programada - Proprias do sistema - Falha de material ou equipamento,2018
BANDEIRANTES_RETICULADO,NAPSo Programada,0,2018-11-29 14:03:00,2018-11-29 15:45:30,Interna - Nao Programada - Proprias do sistema - Falha de material ou equipamento,2018
BANDEIRANTES_RETICULADO,NAPSo Programada,0,2018-11-30 22:37:08,2018-12-01 00:48:15,Interna - Nao Programada - Meio ambiente - Vento,2018
BANDEIRANTES_RETICULADO,NAPSo Programada,0,2019-10-15 09:06:16,2019-10-15 14:13:29,Interna - Nao Programada - Proprias do sistema - Falha de material ou equipamento,2019
BANDEIRANTES_RETICULADO,Programada,0,2019-01-03 10:00:04,2019-01-03 11:00:37,Interna - Programada - Alteracao - Para melhoria,2019
BANDEIRANTES_RETICULADO,Programada,0,2019-01-03 10:00:20,2019-01-03 14:50:00,Interna - Programada - Alteracao - Para melhoria,2019
BANDEIRANTES_RETICULADO,Programada,0,2019-12-15 09:02:01,2019-12-15 13:50:00,Interna - Programada - Alteracao - Para melhoria,2019
BANDEIRANTES_RETICULADO,NAPSo Programada,0,2019-03-11 20:14:00,2019-03-11 20:56:01,Interna - Nao Programada - Proprias do sistema - Falha de material ou equipamento,2019
BANDEIRANTES_RETICULADO,NAPSo Programada,0,2019-07-22 02:51:56,2019-07-22 06:37:07,Interna - Nao Programada - Proprias do sistema - Falha de material ou equipamento,2019
BANDEIRANTES_RETICULADO,NAPSo Programada,0,2019-08-05 17:47:42,2019-08-05 23:10:38,Interna - Nao Programada - Proprias do sistema - Falha de material ou equipamento,2019
BANDEIRANTES_RETICULADO,NAPSo Programada,0,2019-07-21 22:23:37,2019-07-22 00:48:09,Interna - Nao Programada - Proprias do sistema - Falha de material ou equipamento,2019
BANDEIRANTES_RETICULADO,NAPSo Programada,0,2019-07-21 22:33:37,2019-07-21 23:21:44,Interna - Nao Programada - Proprias do sistema - Falha de material ou equipamento,2019
BANDEIRANTES_RETICULADO,NAPSo Programada,0,2019-10-31 15:19:50,2019-10-31 19:25:01,Interna - Nao Programada - Falha operacional - Erro de operacao,2019
BANDEIRANTES_RETICULADO,NAPSo Programada,0,2019-04-08 10:30:04,2019-04-09 07:00:00,Interna - Nao Programada - Proprias do sistema - Falha de material ou equipamento,2019
BANDEIRANTES_RETICULADO,NAPSo Programada,0,2019-06-08 02:19:17,2019-06-08 14:11:49,Interna - Nao Programada - Proprias do sistema - Falha de material ou equipamento,2019
BANDEIRANTES_RETICULADO,NAPSo Programada,0,2019-07-27 23:59:00,2019-07-28 01:20:00,Interna - Nao Programada - Proprias do sistema - Falha de material ou equipamento,2019
BANDEIRANTES_RETICULADO,NAPSo Programada,0,2019-07-28 00:49:07,2019-07-28 02:00:00,Interna - Nao Programada - Proprias do sistema - Falha de material ou equipamento,2019
BANDEIRANTES_RETICULADO,NAPSo Programada,0,2019-08-29 23:05:51,2019-08-30 01:00:00,Interna - Nao Programada - Proprias do sistema - Falha de material ou equipamento,2019
BANDEIRANTES_RETICULADO,NAPSo Programada,0,2019-11-20 17:24:47,2019-11-20 23:23:48,Interna - Nao Programada - Falha operacional - Servico mal executado,2019
BANDEIRANTES_RETICULADO,NAPSo Programada,0,2019-09-15 00:26:27,2019-09-15 02:25:03,Interna - Nao Programada - Proprias do sistema - Falha de material ou equipamento,2019
BANDEIRANTES_RETICULADO,NAPSo Programada,0,2019-03-29 15:33:19,2019-03-29 18:39:53,Interna - Nao Programada - Proprias do sistema - Falha de material ou equipamento,2019
BANDEIRANTES_RETICULADO,NAPSo Programada,0,2019-02-01 22:42:00,2019-02-02 01:19:18,Interna - Nao Programada - Proprias do sistema - Falha de material ou equipamento,2019
BANDEIRANTES_RETICULADO,NAPSo Programada,0,2019-02-01 22:42:00,2019-02-02 01:19:47,Interna - Nao Programada - Proprias do sistema - Falha de material ou equipamento,2019
BANDEIRANTES_RETICULADO,NAPSo Programada,0,2019-09-15 11:37:55,2019-09-15 17:10:00,Interna - Nao Programada - Proprias do sistema - Falha de material ou equipamento,2019
BANDEIRANTES_RETICULADO,NAPSo Programada,0,2019-06-13 18:10:45,2019-06-13 23:55:07,Interna - Nao Programada - Proprias do sistema - Falha de material ou equipamento,2019
BANDEIRANTES_RETICULADO,NAPSo Programada,0,2019-11-19 01:21:00,2019-11-19 01:53:00,Interna - Nao Programada - Proprias do sistema - Falha de material ou equipamento,2019
BANDEIRANTES_RETICULADO,NAPSo Programada,0,2019-11-19 07:03:00,2019-11-19 08:23:00,Interna - Nao Programada - Proprias do sistema - Falha de material ou equipamento,2019
BANDEIRANTES_RETICULADO,NAPSo Programada,0,2019-10-17 10:23:51,2019-10-17 17:14:02,Interna - Nao Programada - Proprias do sistema - Falha de material ou equipamento,2019
BANDEIRANTES_RETICULADO,NAPSo Programada,0,2019-11-19 10:07:11,2019-11-19 11:25:02,Interna - Nao Programada - Proprias do sistema - Falha de material ou equipamento,2019
BANDEIRANTES_RETICULADO,NAPSo Programada,0,2019-12-16 23:34:50,2019-12-17 02:07:00,Interna - Nao Programada - Proprias do sistema - Falha de material ou equipamento,2019
BANDEIRANTES_RETICULADO,Programada,0,2019-11-18 22:48:31,2019-11-18 23:08:58,Interna - Programada - Alteracao - Para melhoria,2019
BANDEIRANTES_RETICULADO,NAPSo Programada,0,2019-11-18 22:39:00,2019-11-18 23:08:00,Interna - Nao Programada - Proprias do sistema - Falha de material ou equipamento,2019
BANDEIRANTES_RETICULADO,NAPSo Programada,0,2019-12-04 09:13:31,2019-12-04 11:44:00,Interna - Nao Programada - Meio ambiente - Animais,2019
BANDEIRANTES_RETICULADO,NAPSo Programada,6,2019-12-18 12:35:05,2019-12-18 22:25:36,Interna - Nao Programada - Proprias do sistema - Falha de material ou equipamento,2019
BANDEIRANTES_RETICULADO,NAPSo Programada,0,2019-11-05 18:09:00,2019-11-05 21:39:04,Interna - Nao Programada - Proprias do sistema - Falha de material ou equipamento,2019
BANDEIRANTES_RETICULADO,NAPSo Programada,0,2019-01-31 13:31:31,2019-02-01 05:15:23,Interna - Nao Programada - Proprias do sistema - Falha de material ou equipamento,2019
BANDEIRANTES_RETICULADO,NAPSo Programada,6,2019-12-18 03:12:58,2019-12-18 04:15:00,Interna - Nao Programada - Proprias do sistema - Falha de material ou equipamento,2019
BANDEIRANTES_RETICULADO,Programada,0,2019-11-19 23:05:43,2019-11-20 06:32:00,Interna - Programada - Alteracao - Para melhoria,2019
BANDEIRANTES_RETICULADO,NAPSo Programada,6,2019-01-21 20:50:00,2019-01-21 22:14:48,Interna - Nao Programada - Proprias do sistema - Sobrecarga,2019
BANDEIRANTES_RETICULADO,NAPSo Programada,0,2019-09-01 19:24:29,2019-09-02 08:23:11,Interna - Nao Programada - Proprias do sistema - Falha de material ou equipamento,2019
BANDEIRANTES_RETICULADO,NAPSo Programada,0,2019-07-31 18:29:15,2019-07-31 22:09:57,Interna - Nao Programada - Proprias do sistema - Falha de material ou equipamento,2019
BANDEIRANTES_RETICULADO,NAPSo Programada,0,2019-07-17 09:34:00,2019-07-17 12:05:00,Interna - Nao Programada - Proprias do sistema - Sobrecarga,2019
BANDEIRANTES_RETICULADO,NAPSo Programada,0,2019-02-26 14:42:07,2019-02-26 18:50:42,Interna - Nao Programada - Meio ambiente - Arvore ou Vegetacao,2019
BANDEIRANTES_RETICULADO,NAPSo Programada,0,2019-07-29 23:11:40,2019-07-30 00:56:00,Interna - Nao Programada - Proprias do sistema - Falha de material ou equipamento,2019
BANDEIRANTES_RETICULADO,NAPSo Programada,0,2019-04-13 23:20:15,2019-04-14 07:33:02,Interna - Nao Programada - Proprias do sistema - Falha de material ou equipamento,2019
BANDEIRANTES_RETICULADO,NAPSo Programada,0,2019-04-29 09:40:30,2019-04-30 10:20:28,Interna - Nao Programada - Proprias do sistema - Falha de material ou equipamento,2019
BANDEIRANTES_RETICULADO,NAPSo Programada,0,2019-03-06 04:44:00,2019-03-06 06:13:00,Externa - Nao Programada - Nao classificada,2019
BANDEIRANTES_RETICULADO,NAPSo Programada,0,2019-03-06 04:44:00,2019-03-06 06:13:00,Externa - Nao Programada - Nao classificada,2019
BANDEIRANTES_RETICULADO,NAPSo Programada,0,2019-03-06 04:44:00,2019-03-06 06:13:00,Externa - Nao Programada - Nao classificada,2019
BANDEIRANTES_RETICULADO,NAPSo Programada,0,2019-03-06 04:44:00,2019-03-06 06:13:00,Externa - Nao Programada - Nao classificada,2019
BANDEIRANTES_RETICULADO,NAPSo Programada,0,2019-03-06 04:44:00,2019-03-06 06:13:00,Externa - Nao Programada - Nao classificada,2019
BANDEIRANTES_RETICULADO,NAPSo Programada,0,2019-03-06 04:44:00,2019-03-06 06:14:15,Externa - Nao Programada - Nao classificada,2019
BANDEIRANTES_RETICULADO,NAPSo Programada,0,2019-03-06 04:44:00,2019-03-06 06:13:00,Externa - Nao Programada - Nao classificada,2019
BANDEIRANTES_RETICULADO,NAPSo Programada,0,2019-03-06 04:44:00,2019-03-06 06:13:00,Externa - Nao Programada - Nao classificada,2019
BANDEIRANTES_RETICULADO,NAPSo Programada,0,2019-03-06 04:44:00,2019-03-06 06:13:00,Externa - Nao Programada - Nao classificada,2019
BANDEIRANTES_RETICULADO,NAPSo Programada,0,2019-03-06 04:44:00,2019-03-06 06:13:55,Externa - Nao Programada - Nao classificada,2019
BANDEIRANTES_RETICULADO,NAPSo Programada,0,2019-03-06 04:44:00,2019-03-06 06:13:00,Externa - Nao Programada - Nao classificada,2019
BANDEIRANTES_RETICULADO,NAPSo Programada,0,2019-02-02 00:39:09,2019-02-02 03:07:00,Interna - Nao Programada - Proprias do sistema - Falha de material ou equipamento,2019
BANDEIRANTES_RETICULADO,NAPSo Programada,0,2019-03-06 04:44:22,2019-03-06 06:13:00,Externa - Nao Programada - Nao classificada,2019
BANDEIRANTES_RETICULADO,NAPSo Programada,0,2019-03-06 04:44:22,2019-03-06 06:13:00,Externa - Nao Programada - Nao classificada,2019
BANDEIRANTES_RETICULADO,NAPSo Programada,0,2019-03-06 04:44:22,2019-03-06 06:13:00,Externa - Nao Programada - Nao classificada,2019
BANDEIRANTES_RETICULADO,NAPSo Programada,0,2019-05-31 09:25:00,2019-05-31 12:32:00,Interna - Nao Programada - Falha operacional - Servico mal executado,2019
BANDEIRANTES_RETICULADO,NAPSo Programada,0,2019-05-17 06:20:12,2019-05-17 07:43:37,Interna - Nao Programada - Proprias do sistema - Falha de material ou equipamento,2019
BANDEIRANTES_RETICULADO,NAPSo Programada,0,2019-09-17 23:30:41,2019-09-18 01:27:51,Interna - Nao Programada - Nao classificada,2019
BANDEIRANTES_RETICULADO,NAPSo Programada,0,2019-08-15 13:03:00,2019-08-15 14:31:46,Interna - Nao Programada - Terceiros - Ligacao Clandestina,2019
BANDEIRANTES_RETICULADO,NAPSo Programada,0,2019-11-07 21:58:47,2019-11-08 02:04:53,Interna - Nao Programada - Proprias do sistema - Falha de material ou equipamento,2019
BANDEIRANTES_RETICULADO,NAPSo Programada,0,2019-11-07 21:56:34,2019-11-08 01:18:43,Interna - Nao Programada - Proprias do sistema - Falha de material ou equipamento,2019
BANDEIRANTES_RETICULADO,NAPSo Programada,0,2019-09-01 08:01:11,2019-09-01 09:20:00,Interna - Nao Programada - Proprias do sistema - Falha de material ou equipamento,2019
BANDEIRANTES_RETICULADO,NAPSo Programada,0,2019-08-14 16:47:36,2019-08-14 18:55:00,Interna - Nao Programada - Terceiros - Interferencia de terceiros,2019
BANDEIRANTES_RETICULADO,NAPSo Programada,0,2019-02-06 19:45:48,2019-02-06 22:01:22,Interna - Nao Programada - Proprias do sistema - Falha de material ou equipamento,2019
BANDEIRANTES_RETICULADO,NAPSo Programada,0,2019-03-09 17:55:03,2019-03-09 18:12:30,Interna - Nao Programada - Proprias do sistema - Falha de material ou equipamento,2019
BANDEIRANTES_RETICULADO,NAPSo Programada,0,2019-04-20 11:29:49,2019-04-20 12:41:00,Interna - Nao Programada - Proprias do sistema - Falha de material ou equipamento,2019
BANDEIRANTES_RETICULADO,NAPSo Programada,0,2019-06-05 11:56:53,2019-06-05 13:32:12,Interna - Nao Programada - Proprias do sistema - Sobrecarga,2019
BANDEIRANTES_RETICULADO,NAPSo Programada,6,2019-02-07 13:49:52,2019-02-07 18:38:23,Interna - Nao Programada - Proprias do sistema - Falha de material ou equipamento,2019
BANDEIRANTES_RETICULADO,NAPSo Programada,6,2019-02-07 09:07:16,2019-02-07 13:03:17,Externa - Nao Programada - Nao classificada,2019
BANDEIRANTES_RETICULADO,NAPSo Programada,6,2019-02-07 09:07:32,2019-02-07 18:21:30,Interna - Nao Programada - Proprias do sistema - Falha de material ou equipamento,2019
BANDEIRANTES_RETICULADO,NAPSo Programada,6,2019-02-07 09:07:41,2019-02-07 13:03:38,Externa - Nao Programada - Nao classificada,2019
BANDEIRANTES_RETICULADO,NAPSo Programada,6,2019-02-07 09:07:41,2019-02-07 13:03:17,Externa - Nao Programada - Nao classificada,2019
BANDEIRANTES_RETICULADO,NAPSo Programada,6,2019-02-07 09:07:41,2019-02-07 13:03:17,Externa - Nao Programada - Nao classificada,2019
BANDEIRANTES_RETICULADO,NAPSo Programada,6,2019-02-07 09:07:43,2019-02-07 13:03:38,Externa - Nao Programada - Nao classificada,2019
BANDEIRANTES_RETICULADO,NAPSo Programada,6,2019-02-07 09:07:43,2019-02-07 13:03:17,Externa - Nao Programada - Nao classificada,2019
BANDEIRANTES_RETICULADO,NAPSo Programada,6,2019-02-07 09:07:43,2019-02-07 13:03:17,Externa - Nao Programada - Nao classificada,2019
BANDEIRANTES_RETICULADO,NAPSo Programada,6,2019-02-07 09:07:43,2019-02-07 13:03:17,Externa - Nao Programada - Nao classificada,2019
BANDEIRANTES_RETICULADO,NAPSo Programada,6,2019-02-07 09:07:43,2019-02-07 13:03:38,Externa - Nao Programada - Nao classificada,2019
BANDEIRANTES_RETICULADO,NAPSo Programada,6,2019-02-07 09:07:43,2019-02-07 13:03:17,Externa - Nao Programada - Nao classificada,2019
BANDEIRANTES_RETICULADO,NAPSo Programada,6,2019-02-07 09:07:43,2019-02-07 13:03:08,Externa - Nao Programada - Nao classificada,2019
BANDEIRANTES_RETICULADO,NAPSo Programada,6,2019-02-07 09:07:43,2019-02-07 13:03:54,Externa - Nao Programada - Nao classificada,2019
BANDEIRANTES_RETICULADO,NAPSo Programada,6,2019-02-07 09:07:43,2019-02-07 13:03:38,Externa - Nao Programada - Nao classificada,2019
BANDEIRANTES_RETICULADO,NAPSo Programada,6,2019-02-07 09:07:16,2019-02-07 13:03:54,Externa - Nao Programada - Nao classificada,2019
BANDEIRANTES_RETICULADO,NAPSo Programada,6,2019-02-07 09:07:16,2019-02-07 13:03:17,Externa - Nao Programada - Nao classificada,2019
BANDEIRANTES_RETICULADO,NAPSo Programada,6,2019-02-07 09:07:16,2019-02-07 13:03:17,Externa - Nao Programada - Nao classificada,2019
BANDEIRANTES_RETICULADO,NAPSo Programada,6,2019-02-07 09:07:16,2019-02-07 13:03:38,Externa - Nao Programada - Nao classificada,2019
BANDEIRANTES_RETICULADO,NAPSo Programada,6,2019-02-07 09:07:15,2019-02-07 13:03:17,Externa - Nao Programada - Nao classificada,2019
BANDEIRANTES_RETICULADO,NAPSo Programada,0,2019-10-08 11:45:42,2019-10-09 09:36:44,Interna - Nao Programada - Proprias do sistema - Falha de material ou equipamento,2019
BANDEIRANTES_RETICULADO,NAPSo Programada,0,2019-01-16 06:36:52,2019-01-16 11:50:25,Interna - Nao Programada - Proprias do sistema - Sobrecarga,2019
BANDEIRANTES_RETICULADO,Programada,0,2019-09-03 22:42:00,2019-09-04 00:30:00,Interna - Programada - Alteracao - Para melhoria,2019
BANDEIRANTES_RETICULADO,NAPSo Programada,0,2019-10-26 00:04:46,2019-10-26 09:28:00,Interna - Nao Programada - Proprias do sistema - Falha de material ou equipamento,2019
BANDEIRANTES_RETICULADO,NAPSo Programada,0,2019-09-20 08:35:24,2019-09-20 12:23:00,Interna - Nao Programada - Proprias do sistema - Falha de material ou equipamento,2019
BANDEIRANTES_RETICULADO,NAPSo Programada,0,2019-02-26 18:52:20,2019-02-26 22:13:44,Interna - Nao Programada - Meio ambiente - Arvore ou Vegetacao,2019
BANDEIRANTES_RETICULADO,NAPSo Programada,0,2019-08-01 22:29:30,2019-08-02 01:04:08,Interna - Nao Programada - Terceiros - Interferencia de terceiros,2019
BANDEIRANTES_RETICULADO,NAPSo Programada,0,2019-10-09 14:42:47,2019-10-09 17:33:06,Interna - Nao Programada - Proprias do sistema - Sobrecarga,2019
BANDEIRANTES_RETICULADO,NAPSo Programada,0,2019-12-27 22:32:00,2019-12-27 23:50:00,Interna - Nao Programada - Proprias do sistema - Falha de material ou equipamento,2019
BANDEIRANTES_RETICULADO,NAPSo Programada,0,2019-12-25 18:27:51,2019-12-25 21:14:51,Interna - Nao Programada - Terceiros - Interferencia de terceiros,2019
BANDEIRANTES_RETICULADO,NAPSo Programada,0,2020-01-10 17:32:06,2020-01-11 06:30:51,Interna - Nao Programada - Proprias do sistema - Falha de material ou equipamento,2020
BANDEIRANTES_RETICULADO,NAPSo Programada,0,2020-03-04 08:52:37,2020-03-04 19:35:19,Interna - Nao Programada - Proprias do sistema - Falha de material ou equipamento,2020
BANDEIRANTES_RETICULADO,NAPSo Programada,0,2020-02-03 17:20:20,2020-02-04 12:50:49,Interna - Nao Programada - Proprias do sistema - Falha de material ou equipamento,2020
BANDEIRANTES_RETICULADO,NAPSo Programada,0,2020-01-27 21:17:47,2020-01-27 23:35:03,Interna - Nao Programada - Proprias do sistema - Falha de material ou equipamento,2020
BANDEIRANTES_RETICULADO,NAPSo Programada,0,2020-01-28 23:58:05,2020-01-29 01:29:00,Interna - Nao Programada - Proprias do sistema - Falha de material ou equipamento,2020
BANDEIRANTES_RETICULADO,Programada,6,2020-01-29 00:02:00,2020-01-29 03:05:00,Interna - Programada - Alteracao - Para melhoria,2020
BANDEIRANTES_RETICULADO,Programada,6,2020-01-29 00:02:00,2020-01-29 02:32:00,Interna - Programada - Alteracao - Para melhoria,2020
BANDEIRANTES_RETICULADO,NAPSo Programada,0,2020-06-18 11:09:32,2020-06-18 18:11:42,Interna - Nao Programada - Proprias do sistema - Falha de material ou equipamento,2020
BANDEIRANTES_RETICULADO,NAPSo Programada,0,2020-06-16 00:11:26,2020-06-16 00:32:00,Interna - Nao Programada - Proprias do sistema - Falha de material ou equipamento,2020
BANDEIRANTES_RETICULADO,NAPSo Programada,0,2020-03-26 09:57:57,2020-03-26 17:03:49,Interna - Nao Programada - Proprias do sistema - Falha de material ou equipamento,2020
BANDEIRANTES_RETICULADO,NAPSo Programada,0,2020-04-14 10:14:00,2020-04-14 12:10:00,Interna - Nao Programada - Proprias do sistema - Falha de material ou equipamento,2020
BANDEIRANTES_RETICULADO,NAPSo Programada,0,2020-03-27 09:18:40,2020-03-27 14:10:00,Interna - Nao Programada - Proprias do sistema - Falha de material ou equipamento,2020
BANDEIRANTES_RETICULADO,NAPSo Programada,6,2020-01-29 14:54:53,2020-01-29 19:08:11,Interna - Nao Programada - Proprias do sistema - Falha de material ou equipamento,2020
BANDEIRANTES_RETICULADO,NAPSo Programada,6,2020-01-29 11:22:32,2020-01-29 13:18:00,Interna - Nao Programada - Proprias do sistema - Sobrecarga,2020
BANDEIRANTES_RETICULADO,NAPSo Programada,0,2020-06-03 22:08:00,2020-06-03 23:40:00,Interna - Nao Programada - Proprias do sistema - Desligamento para manutencao emergencial,2020
BANDEIRANTES_RETICULADO,NAPSo Programada,0,2020-01-03 08:57:53,2020-01-03 10:38:00,Interna - Nao Programada - Terceiros - Interferencia de terceiros,2020
BANDEIRANTES_RETICULADO,NAPSo Programada,0,2020-01-30 15:24:32,2020-01-30 17:35:47,Interna - Nao Programada - Falha operacional - Erro de operacao,2020
BANDEIRANTES_RETICULADO,NAPSo Programada,0,2020-06-20 22:03:18,2020-06-20 23:11:34,Interna - Nao Programada - Proprias do sistema - Desligamento para manutencao emergencial,2020
BANDEIRANTES_RETICULADO,NAPSo Programada,0,2020-01-30 10:20:00,2020-01-30 16:50:02,Interna - Nao Programada - Proprias do sistema - Falha de material ou equipamento,2020
BANDEIRANTES_RETICULADO,NAPSo Programada,0,2020-02-13 21:07:05,2020-02-13 22:55:34,Interna - Nao Programada - Proprias do sistema - Nao identificada,2020
BANDEIRANTES_RETICULADO,NAPSo Programada,0,2020-02-02 02:59:10,2020-02-02 07:20:41,Interna - Nao Programada - Meio ambiente - arvore ou Vegetacao,2020
BANDEIRANTES_RETICULADO,NAPSo Programada,0,2020-02-01 00:00:39,2020-02-01 04:02:58,Interna - Nao Programada - Proprias do sistema - Sobrecarga,2020
BANDEIRANTES_RETICULADO,NAPSo Programada,0,2020-10-06 14:50:19,2020-10-06 17:00:00,Interna - Nao Programada - Proprias do sistema - Falha de material ou equipamento,2020
BANDEIRANTES_RETICULADO,Programada,0,2020-08-02 10:00:25,2020-08-02 10:20:44,Interna - Programada - Alteracao - Para melhoria,2020
BANDEIRANTES_RETICULADO,Programada,0,2020-10-04 09:08:10,2020-10-04 12:00:59,Interna - Programada - Alteracao - Para melhoria,2020
BANDEIRANTES_RETICULADO,NAPSo Programada,0,2020-09-01 14:26:32,2020-09-01 23:30:00,Interna - Nao Programada - Proprias do sistema - Falha de material ou equipamento,2020
BANDEIRANTES_RETICULADO,NAPSo Programada,0,2020-08-21 20:44:00,2020-08-21 20:48:00,Externa - Nao Programada - Nao classificada,2020
BANDEIRANTES_RETICULADO,NAPSo Programada,0,2020-08-21 20:44:00,2020-08-21 20:48:00,Externa - Nao Programada - Nao classificada,2020
BANDEIRANTES_RETICULADO,NAPSo Programada,0,2020-08-21 20:44:00,2020-08-21 20:48:00,Externa - Nao Programada - Nao classificada,2020
BANDEIRANTES_RETICULADO,NAPSo Programada,0,2020-08-21 20:44:00,2020-08-21 20:48:00,Externa - Nao Programada - Nao classificada,2020
BANDEIRANTES_RETICULADO,NAPSo Programada,0,2020-10-13 12:20:06,2020-10-13 17:03:27,Interna - Nao Programada - Proprias do sistema - Falha de material ou equipamento,2020
BANDEIRANTES_RETICULADO,NAPSo Programada,0,2020-08-12 22:51:50,2020-08-13 01:13:00,Interna - Nao Programada - Proprias do sistema - Falha de material ou equipamento,2020
BANDEIRANTES_RETICULADO,Programada,0,2020-11-22 11:46:44,2020-11-22 13:00:31,Interna - Programada - Alteracao - Para melhoria,2020
BANDEIRANTES_RETICULADO,NAPSo Programada,0,2020-11-04 20:12:04,2020-11-05 00:30:14,Interna - Nao Programada - Proprias do sistema - Falha de material ou equipamento,2020
BANDEIRANTES_RETICULADO,NAPSo Programada,0,2020-11-04 18:57:00,2020-11-04 19:33:00,Interna - Nao Programada - Falha operacional - Servico mal executado,2020
BANDEIRANTES_RETICULADO,Programada,0,2020-12-05 09:00:34,2020-12-05 11:20:07,Interna - Programada - Alteracao - Para melhoria,2020
BANDEIRANTES_RETICULADO,Programada,0,2020-12-05 10:20:23,2020-12-05 12:09:36,Interna - Programada - Alteracao - Para melhoria,2020
BANDEIRANTES_RETICULADO,NAPSo Programada,0,2020-10-26 20:00:00,2020-10-26 20:20:00,Interna - Nao Programada - Proprias do sistema - Sobrecarga,2020
BANDEIRANTES_RETICULADO,NAPSo Programada,0,2020-11-27 08:07:40,2020-11-27 10:40:26,Interna - Nao Programada - Proprias do sistema - Falha de material ou equipamento,2020
BANDEIRANTES_RETICULADO,NAPSo Programada,0,2020-11-30 10:56:29,2020-11-30 14:03:53,Interna - Nao Programada - Nao classificada,2020
BANDEIRANTES_RETICULADO,NAPSo Programada,0,2020-11-27 23:34:24,2020-11-28 05:10:39,Interna - Nao Programada - Proprias do sistema - Falha de material ou equipamento,2020
BANDEIRANTES_RETICULADO,NAPSo Programada,0,2020-12-28 12:51:23,2020-12-28 15:40:59,Interna - Nao Programada - Proprias do sistema - Falha de material ou equipamento,2020
BANDEIRANTES_RETICULADO,NAPSo Programada,0,2020-12-24 15:33:25,2020-12-25 07:04:47,Interna - Nao Programada - Falha operacional - Servico mal executado,2020
BANDEIRANTES_RETICULADO,NAPSo Programada,0,2020-12-14 07:35:15,2020-12-14 14:09:53,Interna - Nao Programada - Proprias do sistema - Falha de material ou equipamento,2020
BANDEIRANTES_RETICULADO,NAPSo Programada,0,2021-01-25 18:46:07,2021-01-26 04:35:09,Interna - Nao Programada - Proprias do sistema - Falha de material ou equipamento,2021
BANDEIRANTES_RETICULADO,NAPSo Programada,0,2021-01-25 06:51:49,2021-01-25 18:20:00,Interna - Nao Programada - Proprias do sistema - Falha de material ou equipamento,2021
BANDEIRANTES_RETICULADO,NAPSo Programada,6,2021-05-04 14:44:47,2021-05-04 18:45:00,Interna - Nao Programada - Falha operacional - Servico mal executado,2021
BANDEIRANTES_RETICULADO,NAPSo Programada,0,2021-04-02 22:05:43,2021-04-02 23:00:30,Interna - Nao Programada - Proprias do sistema - Falha de material ou equipamento,2021
BANDEIRANTES_RETICULADO,NAPSo Programada,0,2021-05-05 13:30:41,2021-05-05 18:02:00,Interna - Nao Programada - Proprias do sistema - Falha de material ou equipamento,2021
BANDEIRANTES_RETICULADO,NAPSo Programada,0,2021-07-22 14:28:00,2021-07-22 15:19:00,Interna - Nao Programada - Terceiros - Interferencia de terceiros,2021
BANDEIRANTES_RETICULADO,NAPSo Programada,0,2021-03-23 10:02:34,2021-03-23 14:09:49,Interna - Nao Programada - Falha operacional - Erro de operacao,2021
BANDEIRANTES_RETICULADO,NAPSo Programada,0,2021-06-26 11:23:44,2021-06-26 12:50:30,Interna - Nao Programada - Falha operacional - Servico mal executado,2021
BANDEIRANTES_RETICULADO,NAPSo Programada,0,2021-01-27 07:04:26,2021-01-27 22:10:05,Interna - Nao Programada - Proprias do sistema - Falha de material ou equipamento,2021
BANDEIRANTES_RETICULADO,Programada,0,2021-05-23 20:34:16,2021-05-23 20:58:43,Interna - Programada - Alteracao - Para melhoria,2021
BANDEIRANTES_RETICULADO,NAPSo Programada,0,2021-05-28 23:16:00,2021-05-29 05:43:05,Interna - Nao Programada - Proprias do sistema - Desligamento para manutencao emergencial,2021
BANDEIRANTES_RETICULADO,NAPSo Programada,6,2021-01-18 18:29:18,2021-01-19 10:45:26,Interna - Nao Programada - Proprias do sistema - Falha de material ou equipamento,2021
BANDEIRANTES_RETICULADO,NAPSo Programada,0,2021-02-01 15:48:33,2021-02-01 21:38:44,Interna - Nao Programada - Terceiros - Interferencia de terceiros,2021
BANDEIRANTES_RETICULADO,NAPSo Programada,0,2021-06-14 14:39:30,2021-06-14 15:44:02,Interna - Nao Programada - Proprias do sistema - Sobrecarga,2021
BANDEIRANTES_RETICULADO,NAPSo Programada,0,2021-04-24 16:12:00,2021-04-24 17:02:00,Interna - Nao Programada - Proprias do sistema - Falha de material ou equipamento,2021
BANDEIRANTES_RETICULADO,NAPSo Programada,0,2021-02-12 14:50:49,2021-02-12 16:29:37,Interna - Nao Programada - Terceiros - Interferencia de terceiros,2021
BANDEIRANTES_RETICULADO,NAPSo Programada,0,2021-02-26 08:03:12,2021-02-26 23:54:00,Interna - Nao Programada - Meio ambiente - Arvore ou Vegetacao,2021
BANDEIRANTES_RETICULADO,NAPSo Programada,0,2021-01-17 18:29:54,2021-01-17 21:30:38,Interna - Nao Programada - Proprias do sistema - Falha de material ou equipamento,2021
BANDEIRANTES_RETICULADO,NAPSo Programada,0,2021-04-24 22:37:33,2021-04-25 10:24:58,Interna - Nao Programada - Proprias do sistema - Sobrecarga,2021
BANDEIRANTES_RETICULADO,Programada,0,2021-01-17 10:39:56,2021-01-17 12:32:32,Interna - Programada - Alteracao - Para melhoria,2021
BANDEIRANTES_RETICULADO,NAPSo Programada,0,2021-03-15 10:38:07,2021-03-15 16:58:16,Interna - Nao Programada - Falha operacional - Servico mal executado,2021
BANDEIRANTES_RETICULADO,NAPSo Programada,0,2021-02-04 09:11:10,2021-02-05 05:30:00,Interna - Nao Programada - Proprias do sistema - Falha de material ou equipamento,2021
BANDEIRANTES_RETICULADO,NAPSo Programada,0,2021-02-17 18:13:32,2021-02-18 14:48:34,Interna - Nao Programada - Proprias do sistema - Falha de material ou equipamento,2021
BANDEIRANTES_RETICULADO,NAPSo Programada,0,2021-05-17 14:00:00,2021-05-17 14:25:57,Interna - Nao Programada - Proprias do sistema - Falha de material ou equipamento,2021
BANDEIRANTES_RETICULADO,NAPSo Programada,0,2021-03-13 09:44:00,2021-03-13 12:07:51,Interna - Nao Programada - Proprias do sistema - Falha de material ou equipamento,2021
BANDEIRANTES_RETICULADO,NAPSo Programada,0,2021-07-01 20:59:59,2021-07-02 02:08:41,Interna - Nao Programada - Proprias do sistema - Falha de material ou equipamento,2021
BANDEIRANTES_RETICULADO,NAPSo Programada,0,2021-07-20 00:18:49,2021-07-20 00:50:00,Interna - Nao Programada - Proprias do sistema - Falha de material ou equipamento,2021
BANDEIRANTES_RETICULADO,NAPSo Programada,0,2021-05-16 06:50:29,2021-05-16 12:04:07,Interna - Nao Programada - Proprias do sistema - Falha de material ou equipamento,2021
BANDEIRANTES_RETICULADO,NAPSo Programada,6,2021-02-16 15:45:09,2021-02-16 18:08:00,Interna - Nao Programada - Falha operacional - Servico mal executado,2021
BANDEIRANTES_RETICULADO,Programada,0,2021-09-25 10:44:00,2021-09-25 13:45:50,Interna - Programada - Alteracao - Para melhoria,2021
BANDEIRANTES_RETICULADO,NAPSo Programada,0,2021-08-26 16:14:21,2021-08-27 13:25:00,Interna - Nao Programada - Proprias do sistema - Falha de material ou equipamento,2021
BANDEIRANTES_RETICULADO,NAPSo Programada,0,2021-11-04 20:08:32,2021-11-05 00:56:22,Interna - Nao Programada - Terceiros - Interferencia de terceiros,2021
BANDEIRANTES_RETICULADO,NAPSo Programada,0,2021-09-10 11:36:16,2021-09-10 17:00:00,Interna - Nao Programada - Proprias do sistema - Falha de material ou equipamento,2021
BANDEIRANTES_RETICULADO,NAPSo Programada,0,2021-09-23 14:37:37,2021-09-23 16:33:39,Interna - Nao Programada - Falha operacional - Servico mal executado,2021
BANDEIRANTES_RETICULADO,NAPSo Programada,0,2021-11-03 08:47:58,2021-11-03 12:17:48,Interna - Nao Programada - Proprias do sistema - Falha de material ou equipamento,2021
BANDEIRANTES_RETICULADO,NAPSo Programada,0,2021-10-24 14:35:00,2021-10-24 15:01:06,Interna - Nao Programada - Proprias do sistema - Falha de material ou equipamento,2021
BANDEIRANTES_RETICULADO,NAPSo Programada,6,2021-09-28 09:54:00,2021-09-28 10:15:44,Interna - Nao Programada - Falha operacional - Servico mal executado,2021
BANDEIRANTES_RETICULADO,NAPSo Programada,0,2021-11-06 06:04:43,2021-11-06 11:15:01,Interna - Nao Programada - Proprias do sistema - Falha de material ou equipamento,2021
BANDEIRANTES_RETICULADO,NAPSo Programada,0,2021-09-12 04:30:32,2021-09-12 04:45:00,Interna - Nao Programada - Proprias do sistema - Falha de material ou equipamento,2021
BANDEIRANTES_RETICULADO,NAPSo Programada,6,2021-09-28 08:46:34,2021-09-28 19:01:00,Interna - Nao Programada - Proprias do sistema - Falha de material ou equipamento,2021
BANDEIRANTES_RETICULADO,NAPSo Programada,0,2021-09-01 20:43:55,2021-09-01 21:04:19,Interna - Nao Programada - Terceiros - Interferencia de terceiros,2021
BANDEIRANTES_RETICULADO,NAPSo Programada,0,2021-10-15 22:33:11,2021-10-16 01:15:00,Interna - Nao Programada - Proprias do sistema - Falha de material ou equipamento,2021
BANDEIRANTES_RETICULADO,NAPSo Programada,0,2021-09-02 11:22:58,2021-09-02 14:19:32,Interna - Nao Programada - Terceiros - Interferencia de terceiros,2021
BANDEIRANTES_RETICULADO,NAPSo Programada,0,2021-10-14 07:47:31,2021-10-14 19:27:00,Interna - Nao Programada - Proprias do sistema - Falha de material ou equipamento,2021
BANDEIRANTES_RETICULADO,NAPSo Programada,0,2021-10-13 19:51:00,2021-10-13 20:43:59,Interna - Nao Programada - Terceiros - Interferencia de terceiros,2021
BANDEIRANTES_RETICULADO,NAPSo Programada,0,2021-07-29 14:35:22,2021-07-30 13:10:51,Interna - Nao Programada - Proprias do sistema - Falha de material ou equipamento,2021
BANDEIRANTES_RETICULADO,NAPSo Programada,0,2021-09-30 09:34:36,2021-10-02 11:07:26,Interna - Nao Programada - Proprias do sistema - Falha de material ou equipamento,2021
BANDEIRANTES_RETICULADO,NAPSo Programada,0,2021-10-31 22:10:49,2021-11-01 02:10:57,Interna - Nao Programada - Proprias do sistema - Falha de material ou equipamento,2021
BANDEIRANTES_RETICULADO,Programada,0,2021-10-06 00:54:00,2021-10-06 02:20:00,Interna - Programada - Alteracao - Para melhoria,2021
BANDEIRANTES_RETICULADO,Programada,0,2021-09-22 04:20:05,2021-09-22 05:58:00,Interna - Programada - Alteracao - Para melhoria,2021
BANDEIRANTES_RETICULADO,Programada,0,2021-10-30 11:40:00,2021-10-30 17:00:00,Interna - Programada - Alteracao - Para melhoria,2021
BANDEIRANTES_RETICULADO,NAPSo Programada,0,2021-08-03 12:04:06,2021-08-03 14:35:00,Interna - Nao Programada - Terceiros - Interferencia de terceiros,2021
BANDEIRANTES_RETICULADO,NAPSo Programada,0,2021-09-18 21:35:01,2021-09-18 23:47:11,Interna - Nao Programada - Proprias do sistema - Falha de material ou equipamento,2021
BANDEIRANTES_RETICULADO,NAPSo Programada,0,2021-10-16 15:55:15,2021-10-18 15:20:59,Interna - Nao Programada - Proprias do sistema - Falha de material ou equipamento,2021
BANDEIRANTES_RETICULADO,NAPSo Programada,0,2021-12-03 00:06:40,2021-12-03 15:30:00,Interna - Nao Programada - Proprias do sistema - Falha de material ou equipamento,2021
BANDEIRANTES_RETICULADO,NAPSo Programada,0,2021-12-16 22:52:00,2021-12-17 00:24:23,Interna - Nao Programada - Proprias do sistema - Falha de material ou equipamento,2021
BANDEIRANTES_RETICULADO,NAPSo Programada,0,2021-12-16 22:52:05,2021-12-17 00:24:07,Interna - Nao Programada - Proprias do sistema - Falha de material ou equipamento,2021
BANDEIRANTES_RETICULADO,NAPSo Programada,0,2021-11-30 22:36:23,2021-12-01 09:45:32,Interna - Nao Programada - Proprias do sistema - Falha de material ou equipamento,2021
BANDEIRANTES_RETICULADO,NAPSo Programada,6,2021-11-22 04:15:35,2021-11-22 05:50:58,Interna - Nao Programada - Proprias do sistema - Falha de material ou equipamento,2021
BANDEIRANTES_RETICULADO,NAPSo Programada,0,2021-11-20 09:49:03,2021-11-20 14:19:00,Interna - Nao Programada - Proprias do sistema - Falha de material ou equipamento,2021
BANDEIRANTES_RETICULADO,NAPSo Programada,6,2021-12-10 08:45:46,2021-12-10 11:39:53,Interna - Nao Programada - Terceiros - Interferencia de terceiros,2021
BANDEIRANTES_RETICULADO,NAPSo Programada,0,2021-12-07 14:33:00,2021-12-07 14:49:40,Interna - Nao Programada - Proprias do sistema - Falha de material ou equipamento,2021
BANDEIRANTES_RETICULADO,NAPSo Programada,6,2021-12-10 11:37:02,2021-12-10 16:45:41,Interna - Nao Programada - Falha operacional - Servico mal executado,2021
BANDEIRANTES_RETICULADO,NAPSo Programada,0,2021-12-12 07:24:09,2021-12-12 09:05:55,Interna - Nao Programada - Proprias do sistema - Nao identificada,2021
BANDEIRANTES_RETICULADO,NAPSo Programada,0,2021-12-12 04:55:55,2021-12-12 05:30:00,Interna - Nao Programada - Proprias do sistema - Falha de material ou equipamento,2021
BANDEIRANTES_RETICULADO,NAPSo Programada,0,2021-12-28 21:43:00,2021-12-28 21:53:00,Interna - Nao Programada - Proprias do sistema - Falha de material ou equipamento,2021
BANDEIRANTES_RETICULADO,NAPSo Programada,0,2021-01-15 12:52:54,2021-01-15 18:54:52,Interna - Nao Programada - Proprias do sistema - Falha de material ou equipamento,2021
BANDEIRANTES_RETICULADO,NAPSo Programada,0,2021-01-08 12:40:57,2021-01-08 17:53:43,Interna - Nao Programada - Falha operacional - Servico mal executado,2021
BANDEIRANTES_RETICULADO,NAPSo Programada,0,2022-05-20 02:01:56,2022-05-20 09:44:40,Interna - Nao Programada - Meio ambiente - Vento,2022
BANDEIRANTES_RETICULADO,Programada,0,2022-09-04 23:48:17,2022-09-05 05:26:26,INTERNA;PROGRAMADA;ALTERACAO;PARA MELHORIA,2022
BANDEIRANTES_RETICULADO,NAPSo Programada,0,2022-02-01 17:02:00,2022-02-01 17:59:20,Interna - Nao Programada - Proprias do sistema - Falha de material ou equipamento,2022
BANDEIRANTES_RETICULADO,NAPSo Programada,0,2022-02-01 15:18:00,2022-02-01 16:00:25,Interna - Nao Programada - Proprias do sistema - Falha de material ou equipamento,2022
BANDEIRANTES_RETICULADO,NAPSo Programada,0,2022-10-20 13:13:00,2022-10-20 14:56:00,INTERNA;NAO PROGRAMADA;PROPRIAS DO SISTEMA;FALHA DE MATERIAL OU EQUIPAMENTO,2022
BANDEIRANTES_RETICULADO,Programada,0,2022-05-07 00:28:29,2022-05-07 06:48:53,Interna - Programada - Alteracao - Para melhoria,2022
BANDEIRANTES_RETICULADO,NAPSo Programada,0,2022-08-05 10:26:24,2022-08-05 13:30:33,INTERNA;NAO PROGRAMADA;TERCEIROS;INTERFERENCIA DE TERCEIROS,2022
BANDEIRANTES_RETICULADO,NAPSo Programada,0,2022-06-28 21:53:59,2022-06-29 10:00:52,INTERNA;NAO PROGRAMADA;PROPRIAS DO SISTEMA;FALHA DE MATERIAL OU EQUIPAMENTO,2022
BANDEIRANTES_RETICULADO,Programada,0,2022-06-15 20:00:00,2022-06-16 04:05:08,INTERNA;PROGRAMADA;ALTERACAO;PARA MELHORIA,2022
BANDEIRANTES_RETICULADO,NAPSo Programada,0,2022-07-12 00:29:00,2022-07-12 01:24:47,INTERNA;NAO PROGRAMADA;PROPRIAS DO SISTEMA;FALHA DE MATERIAL OU EQUIPAMENTO,2022
BANDEIRANTES_RETICULADO,NAPSo Programada,0,2022-04-24 13:59:37,2022-04-24 20:22:21,Interna - Nao Programada - Proprias do sistema - Falha de material ou equipamento,2022
BANDEIRANTES_RETICULADO,NAPSo Programada,0,2022-11-01 12:37:18,2022-11-01 18:00:17,INTERNA;NAO PROGRAMADA;TERCEIROS;INTERFERENCIA DE TERCEIROS,2022
BANDEIRANTES_RETICULADO,NAPSo Programada,0,2022-01-10 00:25:06,2022-01-10 02:31:35,Interna - Nao Programada - Proprias do sistema - Falha de material ou equipamento,2022
BANDEIRANTES_RETICULADO,NAPSo Programada,0,2022-06-28 18:19:49,2022-06-28 20:20:04,INTERNA;NAO PROGRAMADA;MEIO AMBIENTE;ARVORE OU VEGETACAO,2022
BANDEIRANTES_RETICULADO,NAPSo Programada,0,2022-05-05 11:19:36,2022-05-05 21:16:30,Interna - Nao Programada - Proprias do sistema - Falha de material ou equipamento,2022
BANDEIRANTES_RETICULADO,NAPSo Programada,0,2022-04-05 14:21:35,2022-04-05 17:10:02,Interna - Nao Programada - Terceiros - Interferencia de terceiros,2022
BANDEIRANTES_RETICULADO,NAPSo Programada,0,2022-05-05 11:17:16,2022-05-06 12:20:27,Interna - Nao Programada - Proprias do sistema - Falha de material ou equipamento,2022
BANDEIRANTES_RETICULADO,NAPSo Programada,0,2022-07-22 10:40:55,2022-07-23 10:00:14,INTERNA;NAO PROGRAMADA;PROPRIAS DO SISTEMA;FALHA DE MATERIAL OU EQUIPAMENTO,2022
BANDEIRANTES_RETICULADO,NAPSo Programada,0,2022-02-14 11:02:36,2022-02-14 20:53:43,Interna - Nao Programada - Proprias do sistema - Falha de material ou equipamento,2022
BANDEIRANTES_RETICULADO,NAPSo Programada,6,2022-05-19 13:14:40,2022-05-19 14:40:51,Interna - Nao Programada - Terceiros - Roubo,2022
BANDEIRANTES_RETICULADO,NAPSo Programada,0,2022-03-01 03:23:19,2022-03-01 05:11:19,Interna - Nao Programada - Proprias do sistema - Falha de material ou equipamento,2022
BANDEIRANTES_RETICULADO,Programada,0,2022-08-13 10:45:45,2022-08-13 12:02:09,INTERNA;PROGRAMADA;ALTERACAO;PARA MELHORIA,2022
BANDEIRANTES_RETICULADO,NAPSo Programada,0,2022-04-22 23:57:39,2022-04-23 02:15:00,Interna - Nao Programada - Proprias do sistema - Falha de material ou equipamento,2022
BANDEIRANTES_RETICULADO,NAPSo Programada,6,2022-10-19 19:05:32,2022-10-20 01:15:00,INTERNA;NAO PROGRAMADA;PROPRIAS DO SISTEMA;FALHA DE MATERIAL OU EQUIPAMENTO,2022
BANDEIRANTES_RETICULADO,Programada,0,2022-08-13 09:31:09,2022-08-13 10:28:23,INTERNA;PROGRAMADA;ALTERACAO;PARA MELHORIA,2022
BANDEIRANTES_RETICULADO,NAPSo Programada,6,2022-10-19 18:56:27,2022-10-19 21:20:00,INTERNA;NAO PROGRAMADA;PROPRIAS DO SISTEMA;NAO IDENTIFICADA,2022
BANDEIRANTES_RETICULADO,NAPSo Programada,0,2022-01-23 17:42:33,2022-01-23 19:00:48,Interna - Nao Programada - Falha operacional - Servico mal executado,2022
BANDEIRANTES_RETICULADO,NAPSo Programada,0,2022-04-26 18:28:39,2022-04-27 03:15:44,Interna - Nao Programada - Falha operacional - Erro de operacao,2022
BANDEIRANTES_RETICULADO,Programada,0,2022-08-28 08:40:32,2022-08-28 09:30:12,INTERNA;PROGRAMADA;ALTERACAO;PARA MELHORIA,2022
BANDEIRANTES_RETICULADO,Programada,0,2022-08-28 08:40:58,2022-08-28 09:30:02,INTERNA;PROGRAMADA;ALTERACAO;PARA MELHORIA,2022
BANDEIRANTES_RETICULADO,NAPSo Programada,0,2022-05-12 00:52:07,2022-05-12 01:52:00,Interna - Nao Programada - Proprias do sistema - Falha de material ou equipamento,2022
BANDEIRANTES_RETICULADO,NAPSo Programada,0,2022-01-13 03:02:00,2022-01-13 06:54:32,Interna - Nao Programada - Proprias do sistema - Falha de material ou equipamento,2022
BANDEIRANTES_RETICULADO,NAPSo Programada,6,2022-03-16 02:03:00,2022-03-16 03:10:00,Interna - Nao Programada - Proprias do sistema - Falha de material ou equipamento,2022
BANDEIRANTES_RETICULADO,NAPSo Programada,6,2022-03-16 02:03:00,2022-03-16 04:48:00,Interna - Nao Programada - Proprias do sistema - Falha de material ou equipamento,2022
BANDEIRANTES_RETICULADO,NAPSo Programada,0,2022-05-23 22:32:39,2022-05-24 02:29:00,Interna - Nao Programada - Proprias do sistema - Sobrecarga,2022
BANDEIRANTES_RETICULADO,NAPSo Programada,0,2022-03-25 21:27:18,2022-03-26 10:52:38,Interna - Nao Programada - Proprias do sistema - Falha de material ou equipamento,2022
BANDEIRANTES_RETICULADO,NAPSo Programada,0,2022-06-03 19:37:00,2022-06-03 20:28:22,INTERNA;NAO PROGRAMADA;PROPRIAS DO SISTEMA;FALHA DE MATERIAL OU EQUIPAMENTO,2022
BANDEIRANTES_RETICULADO,NAPSo Programada,6,2022-02-18 00:59:39,2022-02-18 03:30:32,Interna - Nao Programada - Proprias do sistema - Falha de material ou equipamento,2022
BANDEIRANTES_RETICULADO,NAPSo Programada,0,2022-08-26 05:52:59,2022-08-26 10:17:09,INTERNA;NAO PROGRAMADA;PROPRIAS DO SISTEMA;FALHA DE MATERIAL OU EQUIPAMENTO,2022
BANDEIRANTES_RETICULADO,NAPSo Programada,0,2022-08-26 00:40:29,2022-08-26 04:14:08,INTERNA;NAO PROGRAMADA;PROPRIAS DO SISTEMA;FALHA DE MATERIAL OU EQUIPAMENTO,2022
BANDEIRANTES_RETICULADO,NAPSo Programada,3,2022-12-03 10:47:45,2022-12-03 15:57:18,INTERNA;NAO PROGRAMADA;MEIO AMBIENTE;VENTO,2022
BANDEIRANTES_RETICULADO,NAPSo Programada,0,2022-12-14 07:43:03,2022-12-15 08:23:09,INTERNA;NAO PROGRAMADA;PROPRIAS DO SISTEMA;SOBRECARGA,2022
BANDEIRANTES_RETICULADO,NAPSo Programada,0,2022-01-11 16:06:15,2022-01-11 20:00:27,Interna - Nao Programada - Falha operacional - Servico mal executado,2022
BANDEIRANTES_RETICULADO,NAPSo Programada,6,2022-02-18 15:53:28,2022-02-19 09:21:58,Interna - Nao Programada - Proprias do sistema - Falha de material ou equipamento,2022
BANDEIRANTES_RETICULADO,NAPSo Programada,3,2022-09-30 10:51:21,2022-09-30 16:05:14,INTERNA;NAO PROGRAMADA;MEIO AMBIENTE;VENTO,2022
BANDEIRANTES_RETICULADO,NAPSo Programada,0,2022-03-03 15:27:59,2022-03-04 01:52:00,Interna - Nao Programada - Proprias do sistema - Falha de material ou equipamento,2022
BANDEIRANTES_RETICULADO,NAPSo Programada,0,2022-04-30 06:03:19,2022-04-30 14:08:41,Interna - Nao Programada - Nao classificada,2022
BANDEIRANTES_RETICULADO,NAPSo Programada,6,2022-08-10 14:03:11,2022-08-11 09:13:33,INTERNA;NAO PROGRAMADA;FALHA OPERACIONAL;SERVICO MAL EXECUTADO,2022
BANDEIRANTES_RETICULADO,NAPSo Programada,0,2022-04-16 00:33:51,2022-04-16 04:40:43,Interna - Nao Programada - Proprias do sistema - Falha de material ou equipamento,2022
BANDEIRANTES_RETICULADO,NAPSo Programada,0,2022-03-31 13:01:06,2022-03-31 21:10:00,Interna - Nao Programada - Proprias do sistema - Falha de material ou equipamento,2022
BANDEIRANTES_RETICULADO,NAPSo Programada,0,2022-06-08 13:55:59,2022-06-08 22:25:30,INTERNA;NAO PROGRAMADA;PROPRIAS DO SISTEMA;FALHA DE MATERIAL OU EQUIPAMENTO,2022
BANDEIRANTES_RETICULADO,NAPSo Programada,0,2022-10-26 09:07:31,2022-10-26 19:19:00,INTERNA;NAO PROGRAMADA;PROPRIAS DO SISTEMA;FALHA DE MATERIAL OU EQUIPAMENTO,2022
BANDEIRANTES_RETICULADO,Programada,0,2022-09-10 10:20:10,2022-09-10 11:20:21,INTERNA;PROGRAMADA;ALTERACAO;PARA MELHORIA,2022
BANDEIRANTES_RETICULADO,Programada,0,2022-11-05 09:55:56,2022-11-05 12:50:00,INTERNA;PROGRAMADA;ALTERACAO;PARA MELHORIA,2022
BANDEIRANTES_RETICULADO,NAPSo Programada,0,2022-05-01 06:15:00,2022-05-01 06:52:39,Interna - Nao Programada - Nao classificada,2022
BANDEIRANTES_RETICULADO,NAPSo Programada,0,2022-05-01 01:30:40,2022-05-01 01:59:06,Interna - Nao Programada - Nao classificada,2022
BANDEIRANTES_RETICULADO,NAPSo Programada,0,2022-04-17 01:33:29,2022-04-17 01:49:24,Interna - Nao Programada - Proprias do sistema - Falha de material ou equipamento,2022
BANDEIRANTES_RETICULADO,Programada,0,2022-05-28 08:35:00,2022-05-28 09:10:00,Interna - Programada - Alteracao - Para melhoria,2022
BANDEIRANTES_RETICULADO,Programada,0,2022-07-30 08:50:03,2022-07-30 09:40:05,INTERNA;PROGRAMADA;ALTERACAO;PARA MELHORIA,2022
BANDEIRANTES_RETICULADO,NAPSo Programada,0,2022-08-31 02:43:00,2022-08-31 04:18:18,INTERNA;NAO PROGRAMADA;PROPRIAS DO SISTEMA;FALHA DE MATERIAL OU EQUIPAMENTO,2022
BANDEIRANTES_RETICULADO,NAPSo Programada,0,2022-02-21 14:06:07,2022-02-22 09:40:29,Interna - Nao Programada - Falha operacional - Erro de operacao,2022
BANDEIRANTES_RETICULADO,NAPSo Programada,0,2022-04-28 09:15:15,2022-04-28 15:02:25,Interna - Nao Programada - Meio ambiente - Queima ou Incendio,2022
BANDEIRANTES_RETICULADO,NAPSo Programada,0,2022-05-26 05:50:48,2022-05-26 16:45:37,Interna - Nao Programada - Proprias do sistema - Falha de material ou equipamento,2022
BANDEIRANTES_RETICULADO,Programada,0,2022-03-06 11:33:00,2022-03-06 13:07:07,Interna - Programada - Alteracao - Para melhoria,2022
BANDEIRANTES_RETICULADO,NAPSo Programada,0,2022-08-22 09:35:58,2022-08-22 13:58:44,INTERNA;NAO PROGRAMADA;FALHA OPERACIONAL;SERVICO MAL EXECUTADO,2022
BANDEIRANTES_RETICULADO,NAPSo Programada,0,2022-03-09 11:52:52,2022-03-11 11:40:00,Interna - Nao Programada - Meio ambiente - Inundacao,2022
BANDEIRANTES_RETICULADO,NAPSo Programada,0,2022-02-11 22:57:35,2022-02-12 05:10:22,Interna - Nao Programada - Nao classificada,2022
BANDEIRANTES_RETICULADO,NAPSo Programada,0,2022-10-17 16:43:38,2022-10-19 04:49:00,INTERNA;NAO PROGRAMADA;PROPRIAS DO SISTEMA;FALHA DE MATERIAL OU EQUIPAMENTO,2022
BANDEIRANTES_RETICULADO,NAPSo Programada,0,2022-09-02 00:26:11,2022-09-02 00:49:00,INTERNA;NAO PROGRAMADA;PROPRIAS DO SISTEMA;FALHA DE MATERIAL OU EQUIPAMENTO,2022
BANDEIRANTES_RETICULADO,NAPSo Programada,0,2022-09-03 02:45:29,2022-09-03 04:52:35,INTERNA;NAO PROGRAMADA;PROPRIAS DO SISTEMA;FALHA DE MATERIAL OU EQUIPAMENTO,2022
BANDEIRANTES_RETICULADO,NAPSo Programada,0,2022-01-30 16:42:52,2022-01-30 19:30:22,Interna - Nao Programada - Proprias do sistema - Falha de material ou equipamento,2022
BANDEIRANTES_RETICULADO,NAPSo Programada,0,2022-02-13 06:47:18,2022-02-13 11:35:00,Interna - Nao Programada - Proprias do sistema - Falha de material ou equipamento,2022
BANDEIRANTES_RETICULADO,NAPSo Programada,0,2022-07-08 15:54:07,2022-07-08 17:28:39,INTERNA;NAO PROGRAMADA;PROPRIAS DO SISTEMA;SOBRECARGA,2022
BANDEIRANTES_RETICULADO,Programada,0,2022-03-19 08:45:00,2022-03-19 10:20:00,Interna - Programada - Alteracao - Para melhoria,2022
BANDEIRANTES_RETICULADO,NAPSo Programada,0,2022-05-02 05:16:09,2022-05-02 05:42:00,Interna - Nao Programada - Proprias do sistema - Falha de material ou equipamento,2022
BANDEIRANTES_RETICULADO,NAPSo Programada,0,2022-02-25 09:47:24,2022-02-25 18:39:53,Interna - Nao Programada - Falha operacional - Erro de operacao,2022
BANDEIRANTES_RETICULADO,NAPSo Programada,0,2022-02-10 14:49:00,2022-02-10 16:12:35,Interna - Nao Programada - Proprias do sistema - Falha de material ou equipamento,2022
BANDEIRANTES_RETICULADO,NAPSo Programada,0,2022-10-05 15:54:52,2022-10-05 22:10:41,INTERNA;NAO PROGRAMADA;TERCEIROS;ABALROAMENTO,2022
BANDEIRANTES_RETICULADO,NAPSo Programada,0,2022-01-18 06:23:09,2022-01-18 06:42:00,Interna - Nao Programada - Proprias do sistema - Nao identificada,2022
BANDEIRANTES_RETICULADO,Programada,0,2022-04-02 11:00:41,2022-04-02 12:12:46,Interna - Programada - Alteracao - Para melhoria,2022
BANDEIRANTES_RETICULADO,NAPSo Programada,0,2022-12-27 15:03:41,2022-12-28 12:52:09,INTERNA;NAO PROGRAMADA;PROPRIAS DO SISTEMA;FALHA DE MATERIAL OU EQUIPAMENTO,2022
BANDEIRANTES_RETICULADO,NAPSo Programada,0,2023-04-03 09:53:53,2023-04-05 11:02:09,INTERNA;NAO PROGRAMADA;PROPRIAS DO SISTEMA;FALHA DE MATERIAL OU EQUIPAMENTO,2023
BANDEIRANTES_RETICULADO,NAPSo Programada,6,2023-11-13 14:26:03,2023-11-14 19:01:29,INTERNA;NAO PROGRAMADA;PROPRIAS DO SISTEMA;FALHA DE MATERIAL OU EQUIPAMENTO,2023
BANDEIRANTES_RETICULADO,NAPSo Programada,0,2023-04-16 04:22:35,2023-04-16 05:50:43,INTERNA;NAO PROGRAMADA;PROPRIAS DO SISTEMA;FALHA DE MATERIAL OU EQUIPAMENTO,2023
BANDEIRANTES_RETICULADO,NAPSo Programada,0,2023-10-31 11:29:52,2023-10-31 18:54:32,INTERNA;NAO PROGRAMADA;PROPRIAS DO SISTEMA;FALHA DE MATERIAL OU EQUIPAMENTO,2023
BANDEIRANTES_RETICULADO,NAPSo Programada,6,2023-08-21 10:54:22,2023-08-21 16:17:38,INTERNA;NAO PROGRAMADA;PROPRIAS DO SISTEMA;SOBRECARGA,2023
BANDEIRANTES_RETICULADO,Programada,0,2023-04-02 08:20:54,2023-04-02 12:01:37,INTERNA;PROGRAMADA;ALTERACAO;PARA MELHORIA,2023
BANDEIRANTES_RETICULADO,NAPSo Programada,0,2023-02-17 11:18:00,2023-02-17 12:23:09,INTERNA;NAO PROGRAMADA;PROPRIAS DO SISTEMA;SOBRECARGA,2023
BANDEIRANTES_RETICULADO,NAPSo Programada,0,2023-06-14 09:31:07,2023-06-14 14:09:42,INTERNA;NAO PROGRAMADA;FALHA OPERACIONAL;ERRO DE OPERACAO,2023
BANDEIRANTES_RETICULADO,NAPSo Programada,6,2023-11-13 08:48:16,2023-11-14 17:24:40,INTERNA;NAO PROGRAMADA;TERCEIROS;INTERFERENCIA DE TERCEIROS,2023
BANDEIRANTES_RETICULADO,NAPSo Programada,0,2023-07-08 13:10:00,2023-07-08 21:38:00,INTERNA;NAO PROGRAMADA;TERCEIROS;ROUBO,2023
BANDEIRANTES_RETICULADO,NAPSo Programada,0,2023-08-02 16:14:36,2023-08-02 17:31:54,INTERNA;NAO PROGRAMADA;FALHA OPERACIONAL;SERVICO MAL EXECUTADO,2023
BANDEIRANTES_RETICULADO,Programada,0,2023-05-13 12:00:00,2023-05-13 14:30:15,INTERNA;PROGRAMADA;ALTERACAO;PARA MELHORIA,2023
BANDEIRANTES_RETICULADO,Programada,0,2023-03-26 10:55:00,2023-03-26 18:54:59,INTERNA;PROGRAMADA;ALTERACAO;PARA MELHORIA,2023
BANDEIRANTES_RETICULADO,NAPSo Programada,0,2023-04-07 17:38:14,2023-04-07 21:56:26,INTERNA;NAO PROGRAMADA;PROPRIAS DO SISTEMA;FALHA DE MATERIAL OU EQUIPAMENTO,2023
BANDEIRANTES_RETICULADO,NAPSo Programada,0,2023-06-19 10:18:54,2023-06-19 12:09:08,INTERNA;NAO PROGRAMADA;FALHA OPERACIONAL;SERVICO MAL EXECUTADO,2023
BANDEIRANTES_RETICULADO,NAPSo Programada,0,2023-11-22 10:55:27,2023-11-23 17:05:25,INTERNA;NAO PROGRAMADA;PROPRIAS DO SISTEMA;FALHA DE MATERIAL OU EQUIPAMENTO,2023
BANDEIRANTES_RETICULADO,NAPSo Programada,0,2023-03-02 16:59:24,2023-03-04 14:00:00,INTERNA;NAO PROGRAMADA;PROPRIAS DO SISTEMA;FALHA DE MATERIAL OU EQUIPAMENTO,2023
BANDEIRANTES_RETICULADO,NAPSo Programada,0,2023-03-12 12:29:37,2023-03-12 16:51:41,INTERNA;NAO PROGRAMADA;PROPRIAS DO SISTEMA;FALHA DE MATERIAL OU EQUIPAMENTO,2023
BANDEIRANTES_RETICULADO,NAPSo Programada,0,2023-08-01 02:21:38,2023-08-01 02:37:02,INTERNA;NAO PROGRAMADA;PROPRIAS DO SISTEMA;NAO IDENTIFICADA,2023
BANDEIRANTES_RETICULADO,NAPSo Programada,0,2023-04-29 03:33:58,2023-04-29 17:55:28,INTERNA;NAO PROGRAMADA;PROPRIAS DO SISTEMA;NAO IDENTIFICADA,2023
BANDEIRANTES_RETICULADO,NAPSo Programada,0,2023-04-29 17:46:00,2023-04-29 17:57:45,INTERNA;NAO PROGRAMADA;FALHA OPERACIONAL;ERRO DE OPERACAO,2023
BANDEIRANTES_RETICULADO,NAPSo Programada,0,2023-11-30 10:29:54,2023-11-30 15:39:49,INTERNA;NAO PROGRAMADA;PROPRIAS DO SISTEMA;FALHA DE MATERIAL OU EQUIPAMENTO,2023
BANDEIRANTES_RETICULADO,NAPSo Programada,0,2023-02-14 12:40:40,2023-02-15 19:40:00,INTERNA;NAO PROGRAMADA;TERCEIROS;INTERFERENCIA DE TERCEIROS,2023
BANDEIRANTES_RETICULADO,NAPSo Programada,0,2023-03-06 14:16:50,2023-03-06 16:14:54,INTERNA;NAO PROGRAMADA;PROPRIAS DO SISTEMA;FALHA DE MATERIAL OU EQUIPAMENTO,2023
BANDEIRANTES_RETICULADO,NAPSo Programada,0,2023-11-17 07:49:15,2023-11-17 10:40:46,INTERNA;NAO PROGRAMADA;PROPRIAS DO SISTEMA;FALHA DE MATERIAL OU EQUIPAMENTO,2023
BANDEIRANTES_RETICULADO,NAPSo Programada,0,2023-02-15 11:55:54,2023-02-16 13:29:28,INTERNA;NAO PROGRAMADA;PROPRIAS DO SISTEMA;FALHA DE MATERIAL OU EQUIPAMENTO,2023
BANDEIRANTES_RETICULADO,NAPSo Programada,0,2023-05-17 05:27:31,2023-05-17 08:04:13,INTERNA;NAO PROGRAMADA;PROPRIAS DO SISTEMA;SOBRECARGA,2023
BANDEIRANTES_RETICULADO,NAPSo Programada,0,2023-07-04 12:08:14,2023-07-04 13:48:47,INTERNA;NAO PROGRAMADA;PROPRIAS DO SISTEMA;SOBRECARGA,2023
BANDEIRANTES_RETICULADO,NAPSo Programada,0,2023-11-23 07:49:00,2023-11-23 08:43:45,INTERNA;NAO PROGRAMADA;PROPRIAS DO SISTEMA;FALHA DE MATERIAL OU EQUIPAMENTO,2023
BANDEIRANTES_RETICULADO,NAPSo Programada,0,2023-07-13 10:31:43,2023-07-13 16:52:00,INTERNA;NAO PROGRAMADA;PROPRIAS DO SISTEMA;FALHA DE MATERIAL OU EQUIPAMENTO,2023
BANDEIRANTES_RETICULADO,NAPSo Programada,0,2023-04-09 09:02:54,2023-04-10 04:58:36,INTERNA;NAO PROGRAMADA;TERCEIROS;ROUBO,2023
BANDEIRANTES_RETICULADO,NAPSo Programada,0,2023-09-05 21:17:06,2023-09-06 10:16:11,INTERNA;NAO PROGRAMADA;NAO CLASSIFICADA;,2023
BANDEIRANTES_RETICULADO,NAPSo Programada,0,2023-08-04 11:12:55,2023-08-04 13:33:40,INTERNA;NAO PROGRAMADA;FALHA OPERACIONAL;ERRO DE OPERACAO,2023
BANDEIRANTES_RETICULADO,NAPSo Programada,0,2023-02-13 13:40:22,2023-02-15 19:48:04,INTERNA;NAO PROGRAMADA;PROPRIAS DO SISTEMA;SOBRECARGA,2023
BANDEIRANTES_RETICULADO,NAPSo Programada,0,2023-11-16 09:15:47,2023-11-17 17:46:26,INTERNA;NAO PROGRAMADA;PROPRIAS DO SISTEMA;SOBRECARGA,2023
BANDEIRANTES_RETICULADO,NAPSo Programada,0,2023-06-24 07:57:36,2023-06-24 11:33:21,INTERNA;NAO PROGRAMADA;PROPRIAS DO SISTEMA;FALHA DE MATERIAL OU EQUIPAMENTO,2023
BANDEIRANTES_RETICULADO,NAPSo Programada,6,2023-02-06 18:19:28,2023-02-07 10:56:26,INTERNA;NAO PROGRAMADA;PROPRIAS DO SISTEMA;NAO IDENTIFICADA,2023
BANDEIRANTES_RETICULADO,NAPSo Programada,0,2023-06-01 16:34:57,2023-06-02 15:47:29,INTERNA;NAO PROGRAMADA;PROPRIAS DO SISTEMA;FALHA DE MATERIAL OU EQUIPAMENTO,2023
BANDEIRANTES_RETICULADO,NAPSo Programada,8,2023-11-12 06:19:00,2023-11-12 07:42:00,EXTERNA;NAO PROGRAMADA;NAO CLASSIFICADA;,2023
BANDEIRANTES_RETICULADO,NAPSo Programada,8,2023-11-12 06:19:00,2023-11-12 07:01:00,EXTERNA;NAO PROGRAMADA;NAO CLASSIFICADA;,2023
BANDEIRANTES_RETICULADO,NAPSo Programada,8,2023-11-12 06:19:00,2023-11-12 07:01:00,EXTERNA;NAO PROGRAMADA;NAO CLASSIFICADA;,2023
BANDEIRANTES_RETICULADO,NAPSo Programada,8,2023-11-12 06:19:00,2023-11-12 07:42:00,EXTERNA;NAO PROGRAMADA;NAO CLASSIFICADA;,2023
BANDEIRANTES_RETICULADO,NAPSo Programada,8,2023-11-12 11:12:00,2023-11-12 12:32:00,EXTERNA;NAO PROGRAMADA;NAO CLASSIFICADA;,2023
BANDEIRANTES_RETICULADO,NAPSo Programada,8,2023-11-12 11:12:00,2023-11-12 12:32:00,EXTERNA;NAO PROGRAMADA;NAO CLASSIFICADA;,2023
BANDEIRANTES_RETICULADO,NAPSo Programada,8,2023-11-12 11:12:00,2023-11-12 12:32:00,EXTERNA;NAO PROGRAMADA;NAO CLASSIFICADA;,2023
BANDEIRANTES_RETICULADO,NAPSo Programada,0,2023-10-29 09:07:52,2023-10-29 11:10:24,INTERNA;NAO PROGRAMADA;PROPRIAS DO SISTEMA;DESLIGAMENTO PARA MANUTENCAO EMERGENCIAL,2023
BANDEIRANTES_RETICULADO,NAPSo Programada,0,2023-06-13 15:43:07,2023-06-13 19:44:05,INTERNA;NAO PROGRAMADA;PROPRIAS DO SISTEMA;FALHA DE MATERIAL OU EQUIPAMENTO,2023
BANDEIRANTES_RETICULADO,NAPSo Programada,0,2023-04-11 15:05:26,2023-04-12 13:57:45,INTERNA;NAO PROGRAMADA;TERCEIROS;INTERFERENCIA DE TERCEIROS,2023
BANDEIRANTES_RETICULADO,NAPSo Programada,6,2023-07-26 15:37:59,2023-07-26 23:30:03,INTERNA;NAO PROGRAMADA;PROPRIAS DO SISTEMA;FALHA DE MATERIAL OU EQUIPAMENTO,2023
BANDEIRANTES_RETICULADO,NAPSo Programada,0,2023-08-28 21:19:11,2023-08-30 12:15:00,INTERNA;NAO PROGRAMADA;PROPRIAS DO SISTEMA;FALHA DE MATERIAL OU EQUIPAMENTO,2023
BANDEIRANTES_RETICULADO,NAPSo Programada,6,2023-07-26 15:08:19,2023-07-26 23:30:03,INTERNA;NAO PROGRAMADA;PROPRIAS DO SISTEMA;FALHA DE MATERIAL OU EQUIPAMENTO,2023
BANDEIRANTES_RETICULADO,NAPSo Programada,6,2023-07-26 06:43:33,2023-07-26 14:21:48,INTERNA;NAO PROGRAMADA;TERCEIROS;ROUBO,2023
BANDEIRANTES_RETICULADO,NAPSo Programada,0,2023-10-08 21:25:46,2023-10-09 04:04:00,INTERNA;NAO PROGRAMADA;TERCEIROS;ROUBO,2023
BANDEIRANTES_RETICULADO,NAPSo Programada,0,2023-10-27 13:14:14,2023-10-28 17:19:17,INTERNA;NAO PROGRAMADA;TERCEIROS;INTERFERENCIA DE TERCEIROS,2023
BANDEIRANTES_RETICULADO,NAPSo Programada,0,2023-04-12 14:43:25,2023-04-13 11:53:08,INTERNA;NAO PROGRAMADA;FALHA OPERACIONAL;SERVICO MAL EXECUTADO,2023
BANDEIRANTES_RETICULADO,NAPSo Programada,0,2023-01-26 08:58:35,2023-01-26 16:12:38,INTERNA;NAO PROGRAMADA;FALHA OPERACIONAL;SERVICO MAL EXECUTADO,2023
BANDEIRANTES_RETICULADO,NAPSo Programada,6,2023-07-26 17:44:05,2023-07-27 00:22:27,INTERNA;NAO PROGRAMADA;PROPRIAS DO SISTEMA;FALHA DE MATERIAL OU EQUIPAMENTO,2023
BANDEIRANTES_RETICULADO,NAPSo Programada,0,2023-01-25 23:06:07,2023-01-26 05:35:13,INTERNA;NAO PROGRAMADA;PROPRIAS DO SISTEMA;FALHA DE MATERIAL OU EQUIPAMENTO,2023
BANDEIRANTES_RETICULADO,NAPSo Programada,0,2023-10-09 09:22:30,2023-10-10 13:40:08,INTERNA;NAO PROGRAMADA;PROPRIAS DO SISTEMA;FALHA DE MATERIAL OU EQUIPAMENTO,2023
BANDEIRANTES_RETICULADO,NAPSo Programada,0,2023-12-20 06:38:29,2023-12-21 04:25:17,INTERNA;NAO PROGRAMADA;PROPRIAS DO SISTEMA;FALHA DE MATERIAL OU EQUIPAMENTO,2023
BANDEIRANTES_RETICULADO,NAPSo Programada,0,2023-12-30 19:29:40,2023-12-31 01:40:00,INTERNA;NAO PROGRAMADA;PROPRIAS DO SISTEMA;FALHA DE MATERIAL OU EQUIPAMENTO,2023
BANDEIRANTES_RETICULADO,NAPSo Programada,0,2023-12-31 14:37:42,2023-12-31 18:25:04,INTERNA;NAO PROGRAMADA;PROPRIAS DO SISTEMA;SOBRECARGA,2023
BANDEIRANTES_RETICULADO,NAPSo Programada,0,2023-12-14 09:55:35,2023-12-17 02:02:58,INTERNA;NAO PROGRAMADA;PROPRIAS DO SISTEMA;FALHA DE MATERIAL OU EQUIPAMENTO,2023
BANDEIRANTES_RETICULADO,NAPSo Programada,0,2024-02-17 09:41:53,2024-02-17 20:40:37,INTERNA;NAO PROGRAMADA;PROPRIAS DO SISTEMA;SOBRECARGA,2024
BANDEIRANTES_RETICULADO,NAPSo Programada,0,2024-02-16 17:34:11,2024-02-17 14:01:37,INTERNA;NAO PROGRAMADA;PROPRIAS DO SISTEMA;SOBRECARGA,2024
BANDEIRANTES_RETICULADO,NAPSo Programada,0,2024-05-08 15:45:24,2024-05-09 04:34:15,INTERNA;NAO PROGRAMADA;PROPRIAS DO SISTEMA;FALHA DE MATERIAL OU EQUIPAMENTO,2024
BANDEIRANTES_RETICULADO,NAPSo Programada,0,2024-01-29 10:46:39,2024-01-30 06:00:03,INTERNA;NAO PROGRAMADA;PROPRIAS DO SISTEMA;FALHA DE MATERIAL OU EQUIPAMENTO,2024
BANDEIRANTES_RETICULADO,NAPSo Programada,0,2024-05-07 10:14:28,2024-05-07 23:55:53,INTERNA;NAO PROGRAMADA;FALHA OPERACIONAL;ERRO DE OPERACAO,2024
BANDEIRANTES_RETICULADO,NAPSo Programada,0,2024-04-08 11:19:10,2024-04-08 12:49:38,INTERNA;NAO PROGRAMADA;PROPRIAS DO SISTEMA;FALHA DE MATERIAL OU EQUIPAMENTO,2024
BANDEIRANTES_RETICULADO,NAPSo Programada,0,2024-03-08 21:55:44,2024-03-09 16:37:19,INTERNA;NAO PROGRAMADA;PROPRIAS DO SISTEMA;FALHA DE MATERIAL OU EQUIPAMENTO,2024
BANDEIRANTES_RETICULADO,NAPSo Programada,0,2024-06-08 00:19:52,2024-06-08 03:15:31,INTERNA;NAO PROGRAMADA;PROPRIAS DO SISTEMA;DESLIGAMENTO PARA MANUTENCAO EMERGENCIAL,2024
BANDEIRANTES_RETICULADO,NAPSo Programada,0,2024-02-18 18:00:42,2024-02-19 12:59:51,INTERNA;NAO PROGRAMADA;PROPRIAS DO SISTEMA;FALHA DE MATERIAL OU EQUIPAMENTO,2024
BANDEIRANTES_RETICULADO,NAPSo Programada,6,2024-03-10 02:50:59,2024-03-10 11:55:54,INTERNA;NAO PROGRAMADA;PROPRIAS DO SISTEMA;NAO IDENTIFICADA,2024
BANDEIRANTES_RETICULADO,NAPSo Programada,6,2024-03-10 02:21:00,2024-03-10 14:10:11,INTERNA;NAO PROGRAMADA;PROPRIAS DO SISTEMA;NAO IDENTIFICADA,2024
BANDEIRANTES_RETICULADO,NAPSo Programada,0,2024-01-23 14:54:41,2024-01-25 12:31:20,INTERNA;NAO PROGRAMADA;PROPRIAS DO SISTEMA;FALHA DE MATERIAL OU EQUIPAMENTO,2024
BANDEIRANTES_RETICULADO,NAPSo Programada,0,2024-01-13 16:14:57,2024-01-14 14:56:00,INTERNA;NAO PROGRAMADA;TERCEIROS;INTERFERENCIA DE TERCEIROS,2024
BANDEIRANTES_RETICULADO,NAPSo Programada,0,2024-06-07 16:44:00,2024-06-07 17:15:00,INTERNA;NAO PROGRAMADA;PROPRIAS DO SISTEMA;SOBRECARGA,2024
BANDEIRANTES_RETICULADO,NAPSo Programada,0,2024-04-07 20:26:22,2024-04-07 23:36:40,INTERNA;NAO PROGRAMADA;PROPRIAS DO SISTEMA;FALHA DE MATERIAL OU EQUIPAMENTO,2024
BANDEIRANTES_RETICULADO,NAPSo Programada,0,2024-04-01 09:35:05,2024-04-01 13:21:00,INTERNA;NAO PROGRAMADA;TERCEIROS;INTERFERENCIA DE TERCEIROS,2024
BANDEIRANTES_RETICULADO,NAPSo Programada,0,2024-04-24 13:52:40,2024-04-25 03:00:49,INTERNA;NAO PROGRAMADA;PROPRIAS DO SISTEMA;FALHA DE MATERIAL OU EQUIPAMENTO,2024
BANDEIRANTES_RETICULADO,NAPSo Programada,6,2024-03-03 06:58:02,2024-03-04 02:15:00,INTERNA;NAO PROGRAMADA;PROPRIAS DO SISTEMA;FALHA DE MATERIAL OU EQUIPAMENTO,2024
BANDEIRANTES_RETICULADO,NAPSo Programada,6,2024-03-03 06:10:03,2024-03-03 10:42:42,INTERNA;NAO PROGRAMADA;PROPRIAS DO SISTEMA;FALHA DE MATERIAL OU EQUIPAMENTO,2024
BANDEIRANTES_RETICULADO,NAPSo Programada,6,2024-03-03 01:10:00,2024-03-03 02:55:00,INTERNA;NAO PROGRAMADA;PROPRIAS DO SISTEMA;NAO IDENTIFICADA,2024
BANDEIRANTES_RETICULADO,NAPSo Programada,6,2024-03-03 01:09:15,2024-03-03 02:55:00,INTERNA;NAO PROGRAMADA;PROPRIAS DO SISTEMA;NAO IDENTIFICADA,2024
BANDEIRANTES_RETICULADO,NAPSo Programada,0,2024-01-26 11:56:00,2024-01-26 12:51:10,INTERNA;NAO PROGRAMADA;PROPRIAS DO SISTEMA;SOBRECARGA,2024
BANDEIRANTES_RETICULADO,NAPSo Programada,0,2024-03-13 16:21:18,2024-03-13 18:48:35,INTERNA;NAO PROGRAMADA;PROPRIAS DO SISTEMA;FALHA DE MATERIAL OU EQUIPAMENTO,2024
BANDEIRANTES_RETICULADO,NAPSo Programada,6,2024-07-10 08:30:45,2024-07-10 12:10:28,INTERNA;NAO PROGRAMADA;TERCEIROS;INTERFERENCIA DE TERCEIROS,2024
BANDEIRANTES_RETICULADO,NAPSo Programada,6,2024-07-10 07:50:00,2024-07-10 12:00:18,INTERNA;NAO PROGRAMADA;TERCEIROS;INTERFERENCIA DE TERCEIROS,2024
BANDEIRANTES_RETICULADO,NAPSo Programada,0,2024-07-21 09:47:12,2024-07-21 12:58:24,INTERNA;NAO PROGRAMADA;TERCEIROS;INTERFERENCIA DE TERCEIROS,2024
